{
  "Sensors" : {
    "-MkXd8Sw8-mZi1FXKVlI" : {
      "Carbon dioxide" : 473,
      "Clear" : 0.911732,
      "F1 415nm" : 0.028756,
      "F2 445nm" : 0.019741,
      "F3 480nm" : 0.049012,
      "F4 515nm" : 0.027101,
      "F5 555nm" : 0.193852,
      "F6 590nm" : 0.911732,
      "F7 630nm" : 0.388441,
      "F8 680nm" : 0.033027,
      "NIR" : 0.095354,
      "Time" : "21/09/24,14:08:33+08"
    },
    "-MkYc7UTrxFfQBAtOUOM" : {
      "Carbon dioxide" : 473,
      "Clear" : 0.911732,
      "F1 415nm" : 0.028756,
      "F2 445nm" : 0.019741,
      "F3 480nm" : 0.049012,
      "F4 515nm" : 0.027101,
      "F5 555nm" : 0.193852,
      "F6 590nm" : 0.911732,
      "F7 630nm" : 0.388441,
      "F8 680nm" : 0.033027,
      "NIR" : 0.095354,
      "Time" : "21/09/24,14:08:33+08"
    },
    "-MkYcYjV5BuCZwNcOzjK" : {
      "Carbon dioxide" : 473,
      "Clear" : 0.911732,
      "F1 415nm" : 0.028756,
      "F2 445nm" : 0.019741,
      "F3 480nm" : 0.049012,
      "F4 515nm" : 0.027101,
      "F5 555nm" : 0.193852,
      "F6 590nm" : 0.911732,
      "F7 630nm" : 0.388441,
      "F8 680nm" : 0.033027,
      "NIR" : 0.095354,
      "Time" : "21/09/24,14:08:33+08"
    },
    "-MkYdCP_elZCzBU57dFi" : {
      "Carbon dioxide" : 473,
      "Clear" : 0.911732,
      "F1 415nm" : 0.028756,
      "F2 445nm" : 0.019741,
      "F3 480nm" : 0.049012,
      "F4 515nm" : 0.027101,
      "F5 555nm" : 0.193852,
      "F6 590nm" : 0.911732,
      "F7 630nm" : 0.388441,
      "F8 680nm" : 0.033027,
      "NIR" : 0.095354,
      "Time" : "21/09/24,14:08:33+08"
    },
    "-MkaFuDQ7qN6cOmhDAy2" : {
      "Carbon dioxide" : 537,
      "Clear" : 0.104591,
      "F1 415nm" : 0.002518,
      "F2 445nm" : 0.004633,
      "F3 480nm" : 0.005746,
      "F4 515nm" : 0.008472,
      "F5 555nm" : 0.019101,
      "F6 590nm" : 0.019825,
      "F7 630nm" : 0.044686,
      "F8 680nm" : 0.011895,
      "NIR" : 0.018781,
      "Time" : "21/09/27,09:58:17+08"
    },
    "-MkaG5BoF191bEKU8UaO" : {
      "Carbon dioxide" : 498,
      "Clear" : 0.868841,
      "F1 415nm" : 0.018211,
      "F2 445nm" : 0.013453,
      "F3 480nm" : 0.030955,
      "F4 515nm" : 0.019741,
      "F5 555nm" : 0.127407,
      "F6 590nm" : 0.911732,
      "F7 630nm" : 0.359364,
      "F8 680nm" : 0.025529,
      "NIR" : 0.083195,
      "Time" : "21/09/27,09:59:07+08"
    },
    "-MkaGHCkm_87yzOryfsw" : {
      "Carbon dioxide" : 479,
      "Clear" : 0.722096,
      "F1 415nm" : 0.014969,
      "F2 445nm" : 0.011269,
      "F3 480nm" : 0.024513,
      "F4 515nm" : 0.017821,
      "F5 555nm" : 0.093476,
      "F6 590nm" : 0.749823,
      "F7 630nm" : 0.347539,
      "F8 680nm" : 0.022816,
      "NIR" : 0.068476,
      "Time" : "21/09/27,09:59:56+08"
    },
    "-MkaHNKobTEmkxoXBvu7" : {
      "Carbon dioxide" : 488,
      "Clear" : 0.734088,
      "F1 415nm" : 0.016138,
      "F2 445nm" : 0.012535,
      "F3 480nm" : 0.029062,
      "F4 515nm" : 0.017293,
      "F5 555nm" : 0.12795,
      "F6 590nm" : 0.868173,
      "F7 630nm" : 0.265235,
      "F8 680nm" : 0.022273,
      "NIR" : 0.073456,
      "Time" : "21/09/27,10:04:43+08"
    },
    "-MkaH_DMEycDEJ1uJ1q3" : {
      "Carbon dioxide" : 493,
      "Clear" : 0.746372,
      "F1 415nm" : 0.015401,
      "F2 445nm" : 0.011394,
      "F3 480nm" : 0.025278,
      "F4 515nm" : 0.017696,
      "F5 555nm" : 0.099027,
      "F6 590nm" : 0.791225,
      "F7 630nm" : 0.350906,
      "F8 680nm" : 0.022371,
      "NIR" : 0.069477,
      "Time" : "21/09/27,10:05:35+08"
    },
    "-MkaHmIwZFCBpktZl1qO" : {
      "Carbon dioxide" : 498,
      "Clear" : 0.689013,
      "F1 415nm" : 0.014163,
      "F2 445nm" : 0.010587,
      "F3 480nm" : 0.022983,
      "F4 515nm" : 0.016931,
      "F5 555nm" : 0.087173,
      "F6 590nm" : 0.708239,
      "F7 630nm" : 0.342795,
      "F8 680nm" : 0.021397,
      "NIR" : 0.064218,
      "Time" : "21/09/27,10:06:28+08"
    },
    "-MkaHz12Jy28cC8u79G9" : {
      "Carbon dioxide" : 543,
      "Clear" : 0.661967,
      "F1 415nm" : 0.013592,
      "F2 445nm" : 0.010212,
      "F3 480nm" : 0.021898,
      "F4 515nm" : 0.016514,
      "F5 555nm" : 0.081984,
      "F6 590nm" : 0.670023,
      "F7 630nm" : 0.33787,
      "F8 680nm" : 0.020882,
      "NIR" : 0.061742,
      "Time" : "21/09/27,10:07:22+08"
    },
    "-MkaIAqcuzWg-ASM2Yd9" : {
      "Carbon dioxide" : 517,
      "Clear" : 0.659908,
      "F1 415nm" : 0.013578,
      "F2 445nm" : 0.010212,
      "F3 480nm" : 0.02187,
      "F4 515nm" : 0.016555,
      "F5 555nm" : 0.081678,
      "F6 590nm" : 0.666962,
      "F7 630nm" : 0.337689,
      "F8 680nm" : 0.020924,
      "NIR" : 0.061714,
      "Time" : "21/09/27,10:08:14+08"
    },
    "-MkaIWlIW3xA3L4bnK84" : {
      "Carbon dioxide" : 505,
      "Clear" : 0.738637,
      "F1 415nm" : 0.014983,
      "F2 445nm" : 0.011199,
      "F3 480nm" : 0.024903,
      "F4 515nm" : 0.017168,
      "F5 555nm" : 0.10007,
      "F6 590nm" : 0.783434,
      "F7 630nm" : 0.335046,
      "F8 680nm" : 0.021926,
      "NIR" : 0.069269,
      "Time" : "21/09/27,10:09:33+08"
    }
  }
}